#{"t_start": 1735350997.7033901, "env_id": "Swimmer-v5"}
r,l,t
-5.542925,1000,5.657871
-15.613139,1000,9.763533
-0.990638,1000,16.096222
-17.49968,1000,20.213278
4.142017,1000,25.142069
-15.37782,1000,29.270676
-17.68438,1000,34.170787
14.116688,1000,38.231459
13.355254,1000,43.122021
16.093023,1000,47.259314
3.90436,1000,52.153148
7.601791,1000,56.238472
3.671805,1000,61.025731
29.880124,1000,65.046744
13.774449,1000,69.793899
5.660074,1000,73.834027
14.960019,1000,78.588045
17.33031,1000,82.620199
28.561452,1000,87.466715
26.854095,1000,91.617852
11.811601,1000,96.46069
7.436902,1000,100.599614
7.891194,1000,105.440469
4.676805,1000,109.480231
29.970234,1000,114.35661
25.485724,1000,118.482556
15.10613,1000,123.364425
26.373141,1000,127.417457
42.958091,1000,132.20764
17.211708,1000,136.207084
7.836964,1000,140.958393
30.212542,1000,144.976938
18.304662,1000,149.747366
14.983264,1000,153.758262
28.698402,1000,158.599122
34.81706,1000,162.688348
35.469822,1000,167.516047
40.406301,1000,171.611696
39.29013,1000,176.45465
30.543747,1000,180.481413
26.235492,1000,185.287419
49.386872,1000,189.396253
27.341024,1000,193.493578
49.15134,1000,198.284591
31.141252,1000,202.277799
37.299522,1000,206.970252
55.377591,1000,210.968704
47.979152,1000,215.678541
53.67694,1000,219.678487
68.860408,1000,224.386508
52.166579,1000,228.543967
60.478265,1000,233.346618
71.251959,1000,237.415513
61.851022,1000,242.219465
67.552397,1000,246.284309
83.450081,1000,251.023645
79.876318,1000,255.08312
80.230914,1000,259.910154
79.986825,1000,264.004873
85.226455,1000,268.800134
80.499533,1000,272.786242
93.67489,1000,277.46834
89.015906,1000,281.442124
102.628832,1000,286.163784
83.477103,1000,290.147137
102.653356,1000,294.87324
98.867078,1000,298.930158
106.429937,1000,303.731042
109.039046,1000,307.81782
101.491617,1000,312.615038
112.696407,1000,316.693695
118.145606,1000,321.433858
107.408165,1000,325.493286
124.719939,1000,330.305086
128.209471,1000,334.392186
124.167388,1000,339.211271
140.060579,1000,343.186702
128.908539,1000,347.901403
145.400449,1000,351.869871
145.518807,1000,356.565276
149.78688,1000,360.564299
158.426485,1000,365.273106
151.803398,1000,369.328241
150.790073,1000,374.141359
145.163769,1000,378.196909
166.633257,1000,382.266977
158.807285,1000,387.091962
164.734007,1000,391.138752
155.4892,1000,395.89964
154.820205,1000,399.955462
149.075361,1000,404.818543
155.749236,1000,408.889038
168.631375,1000,413.636948
174.835116,1000,417.618237
172.477373,1000,422.348833
180.324982,1000,426.342433
179.368009,1000,431.052634
171.959351,1000,435.053933
180.912002,1000,439.774494
169.739846,1000,443.852669
178.715845,1000,448.643711
181.735692,1000,452.69297
190.028343,1000,457.493816
182.561397,1000,461.567362
177.079077,1000,466.300311
191.55177,1000,470.35678
182.45621,1000,475.170912
184.181988,1000,479.279591
190.777112,1000,484.04792
188.072737,1000,488.037521
193.191947,1000,492.765076
179.450272,1000,496.725991
187.205188,1000,501.447399
186.239865,1000,505.442597
178.787891,1000,510.159337
179.443827,1000,514.231638
189.057655,1000,519.071565
185.395951,1000,523.121803
176.566345,1000,527.928068
181.555681,1000,532.012633
185.732649,1000,536.773759
191.333771,1000,540.810326
178.416393,1000,545.633762
183.60197,1000,549.72121
194.507553,1000,554.545208
186.021301,1000,558.533336
186.661073,1000,563.237555
185.994053,1000,567.22027
193.584774,1000,571.177396
185.342639,1000,575.910754
187.398062,1000,579.884279
188.478653,1000,584.658832
179.195075,1000,588.720549
187.027289,1000,593.51494
187.779611,1000,597.592598
187.156253,1000,602.396637
180.519606,1000,606.477241
187.243972,1000,611.212579
182.338655,1000,615.274224
197.16379,1000,620.095877
194.472202,1000,624.188157
211.175079,1000,628.927767
204.122959,1000,632.910391
191.689383,1000,637.608663
198.405642,1000,641.574308
197.562875,1000,646.269136
195.215487,1000,650.259522
184.398255,1000,654.996112
192.590601,1006133.411576,99.93805,1000,651140.47999102.844222,1000,656140.8659395.551794,1000,660.137.0603101.17628,1000,665.2140.61294.357797,1000,669.14137.1798.221068,1000,673.721136.399.476822,1000,677.5814135.95.787981,1000,682.1838913092.798879,1000,686.0642331298.645871,1000,690.663733198.06478,1000,694.617275
90.656394,1000,699.344367
95.625971,1000,703.320549
94.353017,1000,708.048429
92.026446,1000,712.03366
88.11575,1000,716.770592
95.379114,1000,720.680084
95.862804,1000,725.455616
98.520068,1000,729.460713
86.486459,1000,734.19475
88.061302,1000,738.066051
88.49344,1000,741.939265
84.817117,1000,746.522377
93.487806,1000,750.388647
87.371053,1000,755.015906
92.449292,1000,758.890275
86.103259,1000,763.567957
91.554877,1000,767.548836
89.183581,1000,772.312745
79.570734,1000,776.272837
86.073708,1000,781.029082
73.497059,1000,785.00541
89.549171,1000,789.665164
89.320285,1000,793.641382
76.20419,1000,798.419171
80.332867,1000,802.406589
75.805819,1000,807.15617
81.919698,1000,811.058114
78.251869,1000,815.694925
85.968183,1000,819.55881
83.196592,1000,824.144017
78.758279,1000,828.017572
74.410341,1000,832.688765
88.061631,1000,836.563836
76.047143,1000,841.324011
79.10145,1000,845.299774
77.083258,1000,850.04514
86.248242,1000,854.025918
84.777092,1000,858.791909
73.414045,1000,862.739584
84.06602,1000,867.45779
93.875538,1000,871.450908
88.225907,1000,876.227771
81.38212,1000,880.239029
87.371009,1000,884.924036
80.628907,1000,888.810618
81.517873,1000,893.414995
75.296586,1000,897.286197
89.870556,1000,901.875577
72.20694,1000,905.763687
85.718046,1000,910.380291
85.754661,1000,914.324439
83.801434,1000,919.034292
86.96282,1000,923.010603
96.058137,1000,926.976919
96.23849,1000,931.729929
91.236374,1000,935.724712
83.020237,1000,940.40507
83.809697,1000,944.359841
94.102589,1000,949.149821
86.702335,1000,953.126444
96.124459,1000,957.897704
96.582526,1000,961.849216
92.580237,1000,966.470091
89.299478,1000,970.334479
77.294914,1000,974.922473
92.647338,1000,978.787242
93.485266,1000,983.432518
97.301262,1000,987.311904
98.073053,1000,991.994322
95.430777,1000,995.968623
94.422269,1000,1000.698605
91.306596,1000,1004.659133
94.529872,1000,1009.372535
95.038062,1000,1013.36034
89.999205,1000,1018.006032
91.021623,1000,1021.961323
94.888644,1000,1026.761347
93.581131,1000,1030.75189
90.361702,1000,1035.544723
84.513606,1000,1039.424892
86.55305,1000,1044.029892
90.2187,1000,1047.898479
94.41993,1000,1052.491037
89.138094,1000,1056.376342
84.051988,1000,1060.97307
85.516702,1000,1064.956377
93.836602,1000,1069.695145
88.575615,1000,1073.691293
94.05596,1000,1078.452461
93.865522,1000,1082.435344
89.67896,1000,1087.173645
94.014462,1000,1091.092486
92.116396,1000,1095.941485
91.677978,1000,1099.91757
90.442756,1000,1103.909075
91.425504,1000,1108.521934
92.91165,1000,1112.384985
81.077293,1000,1116.990884
96.864583,1000,1120.866369
95.33317,1000,1125.460371
91.53424,1000,1129.376332
94.291175,1000,1134.068
88.207176,1000,1138.047173
100.845144,1000,1142.794639
92.292733,1000,1146.766287
92.812292,1000,1151.500213
88.503279,1000,1155.494814
85.856861,1000,1160.165266
87.739358,1000,1164.14817
90.000053,1000,1168.973583
91.389978,1000,1172.981386
89.583222,1000,1177.718874
88.012131,1000,1181.620009
97.642602,1000,1186.196478
94.90409,1000,1190.074272
92.199681,1000,1194.673664
95.302484,1000,1198.548462
89.384506,1000,1203.168537
89.587998,1000,1207.127796
85.96199,1000,1211.868443
95.808464,1000,1215.868727
98.42064,1000,1220.609594
91.437449,1000,1224.59221
94.725145,1000,1229.355769
94.75634,1000,1233.24853
89.200753,1000,1238.011503
84.207475,1000,1242.005069
81.866615,1000,1246.776552
83.073194,1000,1250.766537
87.190124,1000,1255.418209
95.993075,1000,1259.282545
86.435518,1000,1263.878575
94.494022,1000,1267.76412
95.494512,1000,1272.369719
87.405212,1000,1276.260082
95.121893,1000,1280.978693
82.659753,1000,1284.961823
84.48809,1000,1288.937091
87.050425,1000,1293.71294
97.365143,1000,1297.699097
91.667052,1000,1302.459853
86.366651,1000,1306.390599
92.757204,1000,1311.128062
80.666669,1000,1315.130506
92.160577,1000,1319.955855
89.930034,1000,1323.893979
94.390916,1000,1328.532495
96.250827,1000,1332.408454
94.109902,1000,1336.988997
94.856644,1000,1340.869015
93.387342,1000,1345.513503
79.73323,1000,1349.375338
97.548742,1000,1354.086289
97.372009,1000,1358.068473
91.81985,1000,1362.80285
89.866214,1000,1366.779648
91.941751,1000,1371.553138
95.99418,1000,1375.55782
86.356529,1000,1380.182634
91.479291,1000,1384.200515
91.800562,1000,1388.983489
93.9809,1000,1392.977147
85.759188,1000,1397.752044
91.561439,1000,1401.654556
91.693564,1000,1406.256137
85.929258,1000,1410.129105
85.775321,1000,1414.72902
93.123098,1000,1418.617869
86.067645,1000,1423.249297
92.482364,1000,1427.198173
90.463773,1000,1431.966581
93.663183,1000,1435.978477
96.281736,1000,1440.712134
96.040488,1000,1444.696362
92.848945,1000,1449.492555
91.545182,1000,1453.367957
91.287983,1000,1458.185706
95.993729,1000,1462.191473
89.034484,1000,1466.966951
91.8769,1000,1470.904667
90.072292,1000,1474.803318
88.566387,1000,1479.4029
79.604851,1000,1483.285701
90.342426,1000,1487.871171
95.499979,1000,1491.798663
83.568215,1000,1496.388756
96.105959,1000,1500.369155
94.89712,1000,1505.115244
93.056584,1000,1509.107978
90.713443,1000,1513.826194
85.040169,1000,1517.811709
90.790943,1000,1522.579794
90.260821,1000,1526.465103
91.024147,1000,1531.269166
97.623799,1000,1535.258046
97.42629,1000,1540.056681
97.06657,1000,1543.986354
87.629835,1000,1548.644192
93.215816,1000,1552.525346
90.062139,1000,1557.111018
92.525607,1000,1560.989025
83.494845,1000,1565.658427
94.603438,1000,1569.527734
88.735284,1000,1574.278951
94.355039,1000,1578.258115
95.062599,1000,1582.997897
94.135254,1000,1586.978443
83.219636,1000,1591.750318
91.72657,1000,1595.72212
98.164539,1000,1600.393295
86.421873,1000,1604.389238
85.980592,1000,1609.157068
89.539475,1000,1613.148171
87.870133,1000,1617.941886
93.667661,1000,1621.818663
98.554683,1000,1626.455925
93.659592,1000,1630.32429
89.935125,1000,1634.918744
98.21101,1000,1638.784188
93.977373,1000,1643.424371
94.741011,1000,1647.326422
87.789724,1000,1652.090496
88.086398,1000,1656.084676
96.686171,1000,1660.068472
91.548461,1000,1664.834694
95.541417,1000,1668.844065
93.527548,1000,1673.532745
92.646769,1000,1677.503692
93.823622,1000,1682.312795
96.425488,1000,1686.301821
88.594096,1000,1691.081983
88.25417,1000,1694.968897
94.109674,1000,1699.570271
92.827115,1000,1703.460867
89.800396,1000,1708.053214
88.028156,1000,1711.978374
92.177286,1000,1716.583477
95.86604,1000,1720.557604
89.726888,1000,1725.322404
77.890888,1000,1729.318671
88.74825,1000,1734.061245
96.962126,1000,1738.071509
84.388469,1000,1742.811939
92.718337,1000,1746.737395
82.521266,1000,1751.522407
91.981914,1000,1755.536258
87.376163,1000,1760.336967
90.175816,1000,1764.236728
83.96681,1000,1768.856341
86.265941,1000,1772.717257
87.977692,1000,1777.325864
88.419841,1000,1781.202798
92.079916,1000,1785.829546
77.182439,1000,1789.75994
91.750581,1000,1794.543765
90.662609,1000,1798.507545
84.954338,1000,1803.277295
85.445629,1000,1807.270637
92.930437,1000,1812.045964
85.56441,1000,1815.971507
86.64525,1000,1820.725943
83.132341,1000,1824.72927
91.204128,1000,1829.541949
89.429619,1000,1833.520966
93.696525,1000,1838.153137
87.267125,1000,1842.043482
92.937176,1000,1845.919314
87.837833,1000,1850.513505
88.781004,1000,1854.396573
85.312253,1000,1859.022485
75.948407,1000,1862.899658
87.790781,1000,1867.653524
79.75237,1000,1871.64563
86.467619,1000,1876.391948
87.59815,1000,1880.387614
91.151466,1000,1885.160816
84.492311,1000,1889.145117
81.796053,1000,1893.792678
86.876007,1000,1897.813759
85.843229,1000,1902.570031
86.52616,1000,1906.570406
88.956441,1000,1911.310027
87.95631,1000,1915.208494
79.73087,1000,1919.798562
80.025054,1000,1923.675165
86.065032,1000,1928.275206
90.122663,1000,1932.182285
91.479578,1000,1936.784049
88.998999,1000,1940.794803
88.092199,1000,1945.553803
97.228157,1000,1949.536405
87.710459,1000,1954.275473
93.588183,1000,1958.297674
94.667758,1000,1963.026886
87.806833,1000,1966.94782
93.879534,1000,1971.726351
94.715326,1000,1975.717975
98.564587,1000,1980.533272
89.792287,1000,1984.45927
93.693612,1000,1989.107318
92.143804,1000,1992.982622
98.796907,1000,1997.581491
91.976961,1000,2001.466969
83.908185,1000,2006.13603
84.179237,1000,2010.015789
92.856565,1000,2014.732272
94.951145,1000,2018.724523
90.783924,1000,2023.478333
83.186761,1000,2027.463285
85.670495,1000,2031.476836
91.720843,1000,2036.237901
92.252196,1000,2040.14084
82.012077,1000,2044.913354
80.799272,1000,2048.943964
88.888426,1000,2053.70667
88.9049,1000,2057.672563
89.749185,1000,2062.290815
81.574599,1000,2066.166793
89.635082,1000,2070.759841
91.293254,1000,2074.63985
84.266455,1000,2079.270855
94.622913,1000,2083.150809
101.940931,1000,2087.931185
88.395223,1000,2091.932175
86.826704,1000,2096.695762
86.62677,1000,2100.701672
88.828152,1000,2105.462469
92.97165,1000,2109.460369
91.82594,1000,2114.128445
91.015809,1000,2118.165497
87.420454,1000,2122.940711
73.255323,1000,2126.945514
92.612286,1000,2131.561544
88.662044,1000,2135.450065
91.080038,1000,2140.056812
99.608967,1000,2143.924717
95.216689,1000,2148.536344
87.325661,1000,2152.446661
84.976296,1000,2157.169552
74.537896,1000,2161.161318
92.191096,1000,2165.935408
80.400065,1000,2169.907612
77.797413,1000,2174.675182
85.623015,1000,2178.678294
93.016625,1000,2183.334164
97.613487,1000,2187.339769
97.261328,1000,2192.129514
90.614858,1000,2196.128766
79.717766,1000,2200.904428
92.034687,1000,2204.828471
91.455268,1000,2208.731992
92.213421,1000,2213.33335
90.552218,1000,2217.223815
86.643216,1000,2221.812675
95.938897,1000,2225.731913
94.413442,1000,2230.327149
93.210711,1000,2234.338737
74.675034,1000,2239.087686
82.003872,1000,2243.098969
94.621521,1000,2247.822896
94.373716,1000,2251.837178
89.937381,1000,2256.563676
87.998063,1000,2260.465232
94.288975,1000,2265.238084
81.198751,1000,2269.250053
67.01414,1000,2274.023043
86.462497,1000,2278.033659
80.885819,1000,2282.689244
84.14413,1000,2286.593253
93.33191,1000,2291.183529
97.50599,1000,2295.071891
96.530909,1000,2299.6645
88.049504,1000,2303.595696
95.403426,1000,2308.189694
95.082186,1000,2312.185718
96.445853,1000,2316.923077
91.777989,1000,2320.909645
95.777472,1000,2325.646507
93.036063,1000,2329.646502
91.002645,1000,2334.412838
92.729832,1000,2338.30706
94.252081,1000,2343.122107
97.400495,1000,2347.154229
101.373997,1000,2351.929026
82.562659,1000,2355.82989
93.753283,1000,2360.434062
100.328578,1000,2364.316061
95.902166,1000,2368.924849
98.295576,1000,2372.809229
95.360889,1000,2377.438987
54.348802,1000,2381.399037
96.535755,1000,2386.129005
102.466274,1000,2390.102055
95.781773,1000,2394.108379
97.865265,1000,2398.850546
97.0743,1000,2402.851992
94.788348,1000,2407.544995
95.129177,1000,2411.527196
87.789781,1000,2416.326232
85.252817,1000,2420.361805
86.168878,1000,2425.08542
91.292684,1000,2428.995749
98.966479,1000,2433.588768
85.52557,1000,2437.497288
99.786693,1000,2442.092752
96.51501,1000,2446.006764
98.449055,1000,2450.620521
89.527812,1000,2454.600996
93.921268,1000,2459.323338
94.72616,1000,2463.323875
86.68512,1000,2468.056
94.649257,1000,2472.050771
91.908465,1000,2476.80454
93.230041,1000,2480.732497
94.554435,1000,2485.492207
89.418287,1000,2489.498141
94.933818,1000,2494.31082
81.030001,1000,2498.290112
89.093398,1000,2502.916545
87.248796,1000,2506.810457
93.565694,1000,2511.40556
91.927872,1000,2515.29355
91.574483,1000,2519.879072
84.585915,1000,2523.803579
93.947912,1000,2528.47644
75.998555,1000,2532.476763
95.040753,1000,2537.231907
93.977239,1000,2541.220467
96.245533,1000,2545.982484
82.682975,1000,2549.989618
98.885915,1000,2554.677875
94.350451,1000,2558.651021
90.8412,1000,2563.441675
99.503699,1000,2567.431422
90.185401,1000,2572.218435
91.70895,1000,2576.11637
92.670192,1000,2580.002244
89.449365,1000,2584.588012
96.814182,1000,2588.479384
100.383257,1000,2593.078896
89.498163,1000,2596.995464
92.83248,1000,2601.668312
92.417172,1000,2605.675353
95.528209,1000,2610.415074
97.835115,1000,2614.422635
95.341995,1000,2619.159433
100.993592,1000,2623.157599
90.345569,1000,2627.840245
88.306778,1000,2631.818383
87.204079,1000,2636.620037
91.261511,1000,2640.619051
95.082392,1000,2645.386122
92.443076,1000,2649.285575
89.209037,1000,2653.883013
97.27036,1000,2657.760296
87.294972,1000,2662.37534
95.396374,1000,2666.255595
91.420549,1000,2670.893168
94.051278,1000,2674.826832
99.596571,1000,2679.579791
88.77034,1000,2683.55701
93.410411,1000,2688.285486
87.003844,1000,2692.271698
93.720897,1000,2697.016807
81.910349,1000,2700.973416
88.713714,1000,2705.695948
92.992066,1000,2709.720865
98.592645,1000,2714.496131
88.728487,1000,2718.523421
93.572896,1000,2723.174316
91.378264,1000,2727.060944
85.904615,1000,2731.655982
93.540948,1000,2735.540753
93.388055,1000,2740.18521
90.140135,1000,2744.068196
93.400569,1000,2748.761935
91.876782,1000,2752.745813
93.784671,1000,2757.515548
92.413397,1000,2761.496843
87.88649,1000,2765.511421
87.208586,1000,2770.254148
86.499315,1000,2774.195258
91.440091,1000,2778.903923
100.440025,1000,2782.953356
97.97785,1000,2787.735427
100.270344,1000,2791.715314
101.389816,1000,2796.322614
89.163984,1000,2800.201564
95.959719,1000,2804.808604
93.634878,1000,2808.684758
94.294621,1000,2813.322346
93.91827,1000,2817.216084
88.781111,1000,2821.905749
91.430457,1000,2825.892704
95.833186,1000,2830.640866
95.297296,1000,2834.615951
90.888828,1000,2839.354111
98.835647,1000,2843.373408
94.243582,1000,2848.002797
90.999648,1000,2852.01621
98.821695,1000,2856.832232
94.513951,1000,2860.853918
93.889841,1000,2865.507972
94.145415,1000,2869.411978
88.870959,1000,2874.018929
94.37221,1000,2877.898021
85.488813,1000,2882.491344
95.60927,1000,2886.423541
86.959183,1000,2891.035163
93.903383,1000,2895.057635
91.362456,1000,2899.808832
90.610615,1000,2903.816107
94.857333,1000,2908.561135
92.24209,1000,2912.581107
95.075524,1000,2917.279144
95.36499,1000,2921.228802
88.429409,1000,2925.989508
85.68109,1000,2929.962219
93.260008,1000,2934.743996
88.985584,1000,2938.72478
92.296509,1000,2943.347919
90.381857,1000,2947.259009
92.664185,1000,2951.151456
86.165284,1000,2955.743501
91.205413,1000,2959.632724
88.044048,1000,2964.265145
97.468414,1000,2968.157374
94.264911,1000,2972.894103
91.116485,1000,2976.886414
95.124307,1000,2981.604671
97.083177,1000,2985.591881
95.739921,1000,2990.338907
89.486709,1000,2994.325776
87.993174,1000,2998.977646
93.576111,1000,3002.987219
91.833137,1000,3007.795725
90.479305,1000,3011.83194
90.960024,1000,3016.524804
92.498922,1000,3020.42571
87.475075,1000,3025.038091
85.100576,1000,3028.916003
89.925201,1000,3033.513026
95.308221,1000,3037.455298
95.490256,1000,3042.042499
97.739732,1000,3046.051587
89.802957,1000,3050.789978
95.499172,1000,3054.791426
92.860233,1000,3059.52193
93.323381,1000,3063.544023
95.039746,1000,3068.288502
92.882951,1000,3072.201139
88.720259,1000,3077.036644
96.228761,1000,3081.086173
88.365553,1000,3085.78388
90.956996,1000,3089.709496
90.514931,1000,3094.306685
87.979008,1000,3098.194728
90.363101,1000,3102.812226
96.449188,1000,3106.734262
90.567539,1000,3111.358175
89.884516,1000,3115.350384
96.418557,1000,3120.131004
94.393923,1000,3124.118109
92.656622,1000,3128.873633
90.357343,1000,3132.874008
89.044045,1000,3136.89532
76.633394,1000,3141.570138
90.798499,1000,3145.609486
92.534206,1000,3150.356098
97.929629,1000,3154.392422
87.335425,1000,3159.098491
91.419105,1000,3162.999589
89.356522,1000,3167.603149
82.962037,1000,3171.490472
94.363397,1000,3176.093898
88.681235,1000,3180.017426
89.748013,1000,3184.665142
89.946104,1000,3188.679544
86.11012,1000,3193.456382
92.84319,1000,3197.459129
89.26952,1000,3202.23139
95.573153,1000,3206.249232
93.100893,1000,3210.911336
94.136499,1000,3214.9264
89.334047,1000,3219.712652
89.593879,1000,3223.732985
94.943279,1000,3228.47956
87.517355,1000,3232.381487
93.659913,1000,3237.004001
91.764083,1000,3240.887883
90.268826,1000,3245.48351
89.486543,1000,3249.386586
88.279019,1000,3254.022403
92.250795,1000,3257.949502
97.01583,1000,3262.712196
90.583817,1000,3266.699703
92.627205,1000,3271.456795
94.402807,1000,3275.460619
86.41297,1000,3280.214669
83.418668,1000,3284.166102
89.897277,1000,3288.92992
98.763705,1000,3292.963052
88.696981,1000,3297.811564
86.997777,1000,3301.693919
92.86423,1000,3306.323767
82.680111,1000,3310.212989
86.535002,1000,3314.087949
97.52031,1000,3318.687043
100.146388,1000,3322.624052
91.673578,1000,3327.249519
87.629207,1000,3331.263639
84.728514,1000,3336.025533
84.006363,1000,3340.028266
90.500275,1000,3344.796436
90.364573,1000,3348.804067
91.568913,1000,3353.522184
87.718232,1000,3357.516802
85.377092,1000,3362.333784
91.314534,1000,3366.325681
92.092727,1000,3371.031403
87.715914,1000,3374.944414
88.414974,1000,3379.543293
91.105937,1000,3383.4248
94.932369,1000,3388.027038
87.041431,1000,3391.953875
91.569534,1000,3396.55223
89.962249,1000,3400.566185
88.797459,1000,3405.31758
90.794049,1000,3409.311583
90.787293,1000,3414.060647
97.257171,1000,3418.142276
95.280484,1000,3422.941268
93.641347,1000,3426.923767
86.251557,1000,3431.819632
91.156953,1000,3435.952041
90.536029,1000,3440.711187
94.550579,1000,3444.691506
90.50085,1000,3449.349679
87.828978,1000,3453.310907
94.619134,1000,3457.976737
91.241427,1000,3461.962348
92.72793,1000,3466.650116
91.775475,1000,3470.716029
87.090754,1000,3475.522528
93.980007,1000,3479.579243
90.890056,1000,3484.377706
92.507716,1000,3488.445626
86.496997,1000,3493.201811
89.784165,1000,3497.203861
84.516755,1000,3501.278362
91.367928,1000,3506.130408
83.944778,1000,3510.201467
86.298952,1000,3515.002346
91.321181,1000,3518.975743
91.245923,1000,3523.625571
88.005999,1000,3527.575575
99.48789,1000,3532.241266
94.506031,1000,3536.202428
93.245774,1000,3540.921736
93.199862,1000,3544.985185
93.628966,1000,3549.791127
93.987615,1000,3553.85623
93.589073,1000,3558.674895
89.002422,1000,3562.732208
89.969027,1000,3567.489819
92.822093,1000,3571.55406
91.692534,1000,3576.437717
94.074529,1000,3580.509714
91.029235,1000,3585.322462
89.898917,1000,3589.276779
89.21769,1000,3593.955978
88.713544,1000,3597.890711
86.00297,1000,3602.503752
92.115728,1000,3606.432657
91.007938,1000,3611.058852
94.719537,1000,3615.089298
89.848059,1000,3619.874699
88.564997,1000,3623.88834
84.813615,1000,3628.64033
95.250046,1000,3632.667567
89.78409,1000,3637.378897
87.066077,1000,3641.33901
91.318489,1000,3646.17361
90.012445,1000,3650.197805
91.73149,1000,3654.992294
90.559237,1000,3658.932978
88.172565,1000,3663.557766
91.408919,1000,3667.463088
89.491484,1000,3672.076975
87.345757,1000,3675.966049
91.777939,1000,3680.625848
85.984384,1000,3684.519174
92.536577,1000,3688.512547
92.687141,1000,3693.277555
94.824243,1000,3697.290119
86.081724,1000,3702.030555
94.63489,1000,3706.045094
89.158713,1000,3710.820623
90.050423,1000,3714.728075
95.215091,1000,3719.509278
89.850363,1000,3723.54032
88.259034,1000,3728.330455
83.43383,1000,3732.342976
83.570079,1000,3737.042724
84.376192,1000,3740.957845
93.32691,1000,3745.554585
88.55377,1000,3749.447369
90.322445,1000,3754.048126
87.16777,1000,3757.981889
90.700597,1000,3762.61281
91.703475,1000,3766.605184
88.801888,1000,3771.324868
87.031576,1000,3775.340933
92.033974,1000,3780.068089
92.083188,1000,3784.082899
85.812174,1000,3788.824763
88.812927,1000,3792.746819
89.032737,1000,3797.563496
92.548354,1000,3801.587195
87.887609,1000,3806.289131
90.791245,1000,3810.190626
88.429228,1000,3814.792463
96.35585,1000,3818.674188
91.692085,1000,3823.260952
83.005531,1000,3827.185563
86.120709,1000,3831.784247
89.47198,1000,3835.775927
88.845878,1000,3840.53166
92.889656,1000,3844.536629
91.866196,1000,3849.269686
94.249702,1000,3853.289853
88.667024,1000,3858.053182
90.759071,1000,3861.961371
89.123243,1000,3866.783593
88.597938,1000,3870.78665
90.255391,1000,3874.805303
83.604825,1000,3879.534627
86.864047,1000,3883.434065
88.741564,1000,3888.029897
91.587681,1000,3891.917544
91.069657,1000,3896.514103
87.112452,1000,3900.406475
97.007299,1000,3905.045535
87.470121,1000,3909.005392
87.475403,1000,3913.763872
93.892216,1000,3917.763182
86.739442,1000,3922.522093
90.027699,1000,3926.51648
87.996217,1000,3931.290496
91.888888,1000,3935.196857
92.153574,1000,3939.996749
88.494975,1000,3944.003815
86.887841,1000,3948.782803
88.73881,1000,3952.703427
92.827713,1000,3957.349446
85.921863,1000,3961.217833
90.1647,1000,3965.819261
92.565057,1000,3969.700385
93.823899,1000,3974.341495
92.567732,1000,3978.225712
87.226511,1000,3982.976081
88.622682,1000,3986.976762
90.002331,1000,3991.711362
89.66626,1000,3995.718987
92.611505,1000,4000.459756
90.090647,1000,4004.467145
86.746221,1000,4009.13585
88.795973,1000,4013.142232
88.929772,1000,4017.914963
88.340971,1000,4021.930063
89.676488,1000,4026.599686
82.456657,1000,4030.506808
89.996307,1000,4035.097873
87.432669,1000,4038.96668
88.369682,1000,4043.575201
91.732052,1000,4047.474667
88.720868,1000,4052.152169
83.562332,1000,4056.183491
88.467139,1000,4060.169194
85.441394,1000,4064.939811
91.866594,1000,4068.942959
86.102051,1000,4073.731361
87.163999,1000,4077.636836
86.308058,1000,4082.361887
88.020611,1000,4086.369727
80.556347,1000,4091.15535
88.494532,1000,4095.144532
89.007765,1000,4099.831883
92.51713,1000,4103.738052
82.249805,1000,4108.342303
86.847655,1000,4112.215327
83.846652,1000,4116.816649
87.571066,1000,4120.732131
89.229712,1000,4125.320763
88.849797,1000,4129.293599
90.819329,1000,4134.070347
86.793294,1000,4138.054664
89.469847,1000,4142.817422
87.959017,1000,4146.825213
89.013754,1000,4151.564956
89.261925,1000,4155.475765
77.991081,1000,4160.282635
87.275562,1000,4164.354534
86.634839,1000,4169.080754
91.172835,1000,4172.982681
86.00497,1000,4177.575067
86.304338,1000,4181.453551
84.588087,1000,4186.04759
86.585074,1000,4189.960366
84.168942,1000,4194.565247
87.68683,1000,4198.546836
83.271212,1000,4203.292144
83.88753,1000,4207.294195
83.261605,1000,4212.044874
83.239866,1000,4216.048863
89.546942,1000,4220.804937
90.363726,1000,4224.717649
89.638724,1000,4229.542309
84.643764,1000,4233.547051
82.476273,1000,4238.327981
91.811365,1000,4242.287572
89.518029,1000,4246.188221
90.276929,1000,4250.789734
81.012187,1000,4254.661386
78.653942,1000,4259.253532
83.20744,1000,4263.150111
90.29167,1000,4267.75767
85.277177,1000,4271.764652
89.235951,1000,4276.541591
87.121256,1000,4280.528793
92.230976,1000,4285.297458
87.698405,1000,4289.307208
87.608676,1000,4294.022406
90.316356,1000,4297.977518
92.300853,1000,4302.789171
90.850903,1000,4306.772591
84.757924,1000,4311.545812
92.879046,1000,4315.427956
91.29511,1000,4320.064452
85.218093,1000,4323.945112
87.368772,1000,4328.534961
88.464716,1000,4332.421176
86.153904,1000,4337.05196
88.265905,1000,4340.972805
91.624655,1000,4345.740449
85.245811,1000,4349.735277
87.704476,1000,4354.483972
86.184355,1000,4358.494202
82.745348,1000,4363.254797
83.810491,1000,4367.179177
86.151163,1000,4371.936712
86.389525,1000,4375.948577
89.188482,1000,4380.740535
86.699403,1000,4384.730922
87.894691,1000,4389.362266
86.349954,1000,4393.264212
84.039573,1000,4397.855639
89.216937,1000,4401.741811
86.44534,1000,4406.334485
89.914634,1000,4410.260257
88.202322,1000,4414.924522
85.111451,1000,4418.934976
87.70684,1000,4422.924976
88.449167,1000,4427.699629
93.187255,1000,4431.689069
89.618772,1000,4436.459672
83.765113,1000,4440.41662
88.317938,1000,4445.125801
88.92434,1000,4449.122352
86.800838,1000,4453.937017
91.201624,1000,4457.924054
86.19492,1000,4462.619498
84.812695,1000,4466.525685
87.975308,1000,4471.115862
91.979299,1000,4475.001313
84.040118,1000,4479.6063
83.852159,1000,4483.516026
92.581626,1000,4488.121669
88.170416,1000,4492.12139
85.932852,1000,4496.873379
89.133692,1000,4500.866179
89.432881,1000,4505.621067
88.261936,1000,4509.633584
88.151621,1000,4514.404447
86.423935,1000,4518.311761
85.373448,1000,4523.07644
87.90849,1000,4527.091668
87.901033,1000,4531.873643
88.932135,1000,4535.861755
88.003395,1000,4540.476731
89.246979,1000,4544.384929
83.581758,1000,4548.9746
89.244338,1000,4552.863572
87.536587,1000,4557.458067
88.446935,1000,4561.379342
92.652079,1000,4566.019933
94.235389,1000,4570.035551
90.755947,1000,4574.78859
88.043833,1000,4578.795352
90.754631,1000,4583.548202
92.017652,1000,4587.556075
85.07482,1000,4592.251996
88.511124,1000,4596.203084
87.277923,1000,4600.985787
87.544913,1000,4605.023352
87.412436,1000,4609.010634
85.637838,1000,4613.740686
82.458244,1000,4617.636491
86.020053,1000,4622.2284
85.919294,1000,4626.121929
85.866747,1000,4630.744231
85.500199,1000,4634.619037
91.574742,1000,4639.260212
91.8744,1000,4643.203935
90.391278,1000,4647.928077
87.48428,1000,4651.910136
83.694359,1000,4656.65621
89.128496,1000,4660.641634
86.27959,1000,4665.414447
91.015839,1000,4669.355609
85.845623,1000,4674.090079
89.536824,1000,4678.100374
89.337276,1000,4682.885203
88.643458,1000,4686.875255
88.374934,1000,4691.559095
87.631244,1000,4695.471711
87.946521,1000,4700.074216
84.130803,1000,4703.971712
88.470632,1000,4708.568662
88.514231,1000,4712.492504
84.670009,1000,4717.08956
91.380364,1000,4721.123441
86.713764,1000,4725.866086
88.149099,1000,4729.864686
86.887566,1000,4734.62252
89.303134,1000,4738.63219
92.772961,1000,4743.360445
87.384106,1000,4747.3002
91.374905,1000,4752.14911
85.072041,1000,4756.184021
86.99158,1000,4760.838504
83.507381,1000,4764.742004
87.138549,1000,4769.342117
90.214362,1000,4773.233487
84.886224,1000,4777.828465
90.38739,1000,4781.757359
85.480611,1000,4786.430995
87.839088,1000,4790.425557
90.056276,1000,4794.430602
89.944756,1000,4799.188624
84.109571,1000,4803.16185
86.794168,1000,4807.963705
88.514954,1000,4811.944324
88.200035,1000,4816.638515
89.262588,1000,4820.659963
89.945079,1000,4825.445408
86.694907,1000,4829.432839
80.838254,1000,4834.133117
87.122667,1000,4838.044137
89.251377,1000,4842.64754
91.827313,1000,4846.535268
92.812498,1000,4851.14262
86.682528,1000,4855.068524
87.656095,1000,4859.66815
88.900273,1000,4863.681606
88.031723,1000,4868.443021
86.240065,1000,4872.4471
86.404038,1000,4877.195976
89.03825,1000,4881.208722
87.245981,1000,4885.970114
86.905484,1000,4889.884969
82.267963,1000,4894.670982
86.978297,1000,4898.691584
85.684978,1000,4903.478715
86.444701,1000,4907.477041
88.414716,1000,4912.1357
88.181751,1000,4916.048411
84.564828,1000,4920.652006
91.266484,1000,4924.539892
89.684423,1000,4929.138665
91.583149,1000,4933.057188
88.328705,1000,4937.692711
91.261428,1000,4941.718983
85.42781,1000,4946.475361
85.900583,1000,4950.476401
88.795518,1000,4955.251706
84.646226,1000,4959.268786
85.427492,1000,4963.947433
87.249026,1000,4967.955373
85.904083,1000,4972.759123
84.11491,1000,4976.788308
86.305552,1000,4980.777591
88.053679,1000,4985.474619
88.164224,1000,4989.375499
86.222138,1000,4993.98095
87.182384,1000,4997.861225
91.301903,1000,5002.464799
85.93834,1000,5006.389174
90.353705,1000,5010.990857
89.776377,1000,5014.982313
93.659477,1000,5019.741631
83.167856,1000,5023.728545
86.990746,1000,5028.470193
91.927883,1000,5032.472885
89.331786,1000,5037.217554
88.212126,1000,5041.12323
84.580446,1000,5045.90394
86.616385,1000,5049.921567
90.465981,1000,5054.715671
89.167202,1000,5058.730633
89.448521,1000,5063.37204
86.464697,1000,5067.287028
88.359996,1000,5071.895582
87.006873,1000,5075.784573
90.530067,1000,5080.385075
90.599008,1000,5084.307405
90.493953,1000,5088.937233
91.896746,1000,5092.938273
84.015541,1000,5097.682505
92.136293,1000,5101.669769
86.565856,1000,5106.408947
92.315556,1000,5110.426441
81.55536,1000,5115.151788
85.956932,1000,5119.092397
91.269483,1000,5123.941621
86.225701,1000,5128.003976
85.55417,1000,5132.652143
89.383284,1000,5136.56722
89.336659,1000,5141.165265
92.903107,1000,5145.052995
86.725219,1000,5149.660404
83.605976,1000,5153.587306
87.914495,1000,5158.245568
93.052133,1000,5162.26587
91.403282,1000,5166.256448
87.331647,1000,5171.009973
85.049899,1000,5175.009259
86.552443,1000,5179.802003
85.711189,1000,5183.7899
87.77238,1000,5188.467646
85.171679,1000,5192.491528
92.509245,1000,5197.286222
93.168582,1000,5201.281714
86.761299,1000,5206.00179
86.929571,1000,5209.905071
89.340933,1000,5214.519194
87.557736,1000,5218.404282
90.021698,1000,5222.997691
92.382574,1000,5226.919915
89.457921,1000,5231.526057
83.602243,1000,5235.546238
87.05848,1000,5240.302092
91.067995,1000,5244.303799
92.666678,1000,5249.044539
88.34798,1000,5253.056741
85.015162,1000,5257.812375
87.678322,1000,5261.735741
87.53124,1000,5266.546679
91.213442,1000,5270.573169
88.587786,1000,5275.352461
88.047569,1000,5279.24899
88.035361,1000,5283.874494
86.128504,1000,5287.766943
85.597596,1000,5292.352991
87.92445,1000,5296.24251
86.522414,1000,5300.887084
89.763751,1000,5304.786597
84.259625,1000,5309.561429
91.426654,1000,5313.556669
87.946105,1000,5318.303613
88.610316,1000,5322.308366
89.300868,1000,5327.075272
89.806259,1000,5331.052498
88.342331,1000,5335.762142
84.952692,1000,5339.789474
90.264273,1000,5344.594339
89.783397,1000,5348.616524
87.109803,1000,5352.556446
89.234201,1000,5357.187311
90.635364,1000,5361.076155
89.287749,1000,5365.687643
90.301543,1000,5369.564198
89.087346,1000,5374.205909
85.280383,1000,5378.099332
89.154046,1000,5382.796451
84.8642,1000,5386.793984
84.752595,1000,5391.54151
90.136636,1000,5395.536057
88.59597,1000,5400.301717
84.656223,1000,5404.307076
86.859227,1000,5408.940917
91.669944,1000,5412.996729
84.689562,1000,5417.834446
86.743776,1000,5421.832368
85.345011,1000,5426.470629
93.897522,1000,5430.354291
87.377752,1000,5434.945271
87.589369,1000,5438.844541
83.214352,1000,5443.466066
91.801532,1000,5447.365599
87.731236,1000,5452.098222
90.10746,1000,5456.100563
89.703624,1000,5460.849146
92.521674,1000,5464.855
85.416166,1000,5469.629901
89.475552,1000,5473.631144
87.771736,1000,5478.292578
89.016653,1000,5482.311335
86.609619,1000,5487.136852
89.64617,1000,5491.196886
89.867366,1000,5495.827057
88.92808,1000,5499.708854
88.114102,1000,5504.312311
89.528301,1000,5508.189818
86.004346,1000,5512.80819
93.337953,1000,5516.72342
88.222685,1000,5521.426754
83.888236,1000,5525.431716
88.701025,1000,5529.420548
87.232809,1000,5534.195918
86.967788,1000,5538.19322
87.196735,1000,5542.96435
88.515763,1000,5546.90706
92.849353,1000,5551.612613
87.909946,1000,5555.628447
91.312302,1000,5560.435426
85.895646,1000,5564.427615
88.679762,1000,5569.052081
88.812177,1000,5572.94276
87.847202,1000,5577.53799
93.997804,1000,5581.413095
90.318853,1000,5586.043972
88.666275,1000,5589.921309
85.328025,1000,5594.715126
88.175542,1000,5598.720276
90.72121,1000,5603.484497
88.766426,1000,5607.475579
88.368819,1000,5612.256813
84.844769,1000,5616.246055
86.887027,1000,5620.910487
86.392579,1000,5624.943429
89.197165,1000,5629.729575
90.222928,1000,5633.737067
84.631091,1000,5638.381178
86.046106,1000,5642.251
86.095578,1000,5646.854959
86.920515,1000,5650.739626
86.449532,1000,5655.359887
86.017889,1000,5659.252247
85.629958,1000,5663.974583
84.084644,1000,5667.967488
88.479215,1000,5672.744822
85.424787,1000,5676.727087
89.602311,1000,5681.481361
89.831697,1000,5685.488979
87.312336,1000,5690.118898
84.913904,1000,5694.13362
87.715119,1000,5698.923903
87.928216,1000,5702.929144
85.745251,1000,5707.696844
87.584922,1000,5711.631938
90.747869,1000,5715.524824
84.646165,1000,5720.128774
89.703302,1000,5724.015426
88.457017,1000,5728.607331
85.288609,1000,5732.527163
84.567746,1000,5737.144731
87.909249,1000,5741.118834
84.046594,1000,5745.884415
88.471964,1000,5749.881082
87.302349,1000,5754.638493
84.294564,1000,5758.641724
85.550508,1000,5763.424312
86.674372,1000,5767.330129
88.356246,1000,5772.146655
88.290664,1000,5776.147933
86.549801,1000,5780.93595
87.489127,1000,5784.839712
87.178315,1000,5789.466128
85.018331,1000,5793.339479
84.060786,1000,5797.953686
86.177803,1000,5801.832773
83.130249,1000,5806.501028
83.415634,1000,5810.407042
82.269889,1000,5815.161365
85.866769,1000,5819.168808
84.820445,1000,5823.912731
86.996476,1000,5827.89995
84.380913,1000,5832.663023
88.226229,1000,5836.634022
85.939519,1000,5841.334035
86.299663,1000,5845.36318
85.276509,1000,5850.140764
89.848276,1000,5854.147442
88.347088,1000,5858.805742
82.476943,1000,5862.700398
85.726208,1000,5867.292851
84.818592,1000,5871.179586
87.124245,1000,5875.784847
82.883598,1000,5879.713912
83.246339,1000,5884.35068
90.064852,1000,5888.365106
86.194175,1000,5893.112129
88.320195,1000,5897.117233
83.278175,1000,5901.107568
86.772568,1000,5905.898188
86.218477,1000,5909.863786
86.518312,1000,5914.533126
89.064029,1000,5918.552793
83.899306,1000,5923.320703
87.235379,1000,5927.317918
87.170092,1000,5932.095064
86.102614,1000,5935.973326
83.574274,1000,5940.595514
88.756209,1000,5944.472046
84.800981,1000,5949.060876
83.298108,1000,5952.948027
82.061191,1000,5957.619632
86.653345,1000,5961.546709
90.347238,1000,5966.306604
85.088929,1000,5970.293494
88.047593,1000,5975.04919
87.048196,1000,5979.046569
81.676051,1000,5983.810127
85.124275,1000,5987.756511
87.558233,1000,5992.484618
86.358851,1000,5996.503853
84.416778,1000,6001.290195
87.361993,1000,6005.289459
93.270539,1000,6009.90022
86.831539,1000,6013.801394
84.830071,1000,6018.391777
87.643894,1000,6022.285862
86.406376,1000,6026.883418
89.508271,1000,6030.799753
89.532415,1000,6035.442014
86.280536,1000,6039.439616
84.837696,1000,6044.170841
87.40931,1000,6048.160443
90.261923,1000,6052.897359
89.635,1000,6056.899086
88.207415,1000,6061.588567
90.633438,1000,6065.559553
90.039967,1000,6070.379741
85.882233,1000,6074.395205
87.466266,1000,6079.149609
88.514272,1000,6083.059869
87.50512,1000,6086.962554
87.272385,1000,6091.551348
83.711272,1000,6095.433096
91.274346,1000,6100.037257
86.409925,1000,6103.94425
85.834451,1000,6108.54394
88.277148,1000,6112.53933
90.397897,1000,6117.277831
88.32247,1000,6121.267558
83.44444,1000,6126.020201
87.454719,1000,6130.014234
85.125436,1000,6134.787998
86.712622,1000,6138.703038
87.88241,1000,6143.530554
87.984351,1000,6147.568489
88.798584,1000,6152.349878
86.43759,1000,6156.263324
88.250304,1000,6160.937116
85.342516,1000,6164.814435
85.637926,1000,6169.401988
89.061128,1000,6173.309312
89.54629,1000,6178.017344
87.658423,1000,6181.892108
84.384112,1000,6186.65001
89.913507,1000,6190.649084
85.943897,1000,6195.371975
85.922892,1000,6199.36135
85.795691,1000,6204.122967
86.935867,1000,6208.096221
82.780419,1000,6212.768193
89.41476,1000,6216.783801
86.284248,1000,6221.562482
87.360855,1000,6225.588862
79.456112,1000,6230.217121
86.07056,1000,6234.098814
86.864446,1000,6238.691309
85.436603,1000,6242.583212
87.648355,1000,6247.171511
85.87742,1000,6251.095131
85.325323,1000,6255.798974
90.907325,1000,6259.786847
86.568207,1000,6264.540277
83.2921,1000,6268.547279
89.755486,1000,6272.52451
81.473278,1000,6277.294457
86.873895,1000,6281.248417
88.612535,1000,6285.970717
88.222702,1000,6289.983675
87.619269,1000,6294.793082
87.703879,1000,6298.768753
90.661496,1000,6303.40217
88.103433,1000,6307.286874
88.472723,1000,6311.874482
86.121002,1000,6315.748754
87.476721,1000,6320.372727
87.438289,1000,6324.259514
85.210167,1000,6328.96156
89.369593,1000,6332.956135
91.404943,1000,6337.706586
85.839521,1000,6341.707531
86.84417,1000,6346.46215
84.886749,1000,6350.464045
82.994745,1000,6355.108171
87.328121,1000,6359.146035
84.706667,1000,6363.957245
87.910051,1000,6367.993878
88.105569,1000,6372.607778
85.724804,1000,6376.494651
84.65013,1000,6381.105782
87.029939,1000,6384.986878
87.388995,1000,6389.597445
87.222021,1000,6393.510262
88.115458,1000,6398.207643
87.224035,1000,6402.208906
84.131982,1000,6406.96141
89.704016,1000,6410.948859
91.20787,1000,6415.724458
86.29024,1000,6419.723454
89.421621,1000,6424.390479
87.598677,1000,6428.385769
86.421531,1000,6433.195842
85.418858,1000,6437.220525
89.203623,1000,6441.947572
83.875039,1000,6445.853205
86.983883,1000,6450.452794
91.463533,1000,6454.331745
82.814894,1000,6458.216553
89.851237,1000,6462.834005
85.624592,1000,6466.735294
89.269336,1000,6471.418159
87.938225,1000,6475.419652
87.535811,1000,6480.195014
88.852969,1000,6484.177822
86.125672,1000,6488.951321
84.472356,1000,6492.965606
83.505615,1000,6497.623145
87.016686,1000,6501.65517
91.926444,1000,6506.439124
89.298568,1000,6510.484483
83.191123,1000,6515.169161
90.743217,1000,6519.069349
90.097108,1000,6523.68455
89.966925,1000,6527.558003
90.912696,1000,6532.171127
90.701421,1000,6536.102409
90.172574,1000,6540.744885
88.601714,1000,6544.752562
90.329947,1000,6549.525211
87.260854,1000,6553.52167
90.90315,1000,6558.292291
88.054441,1000,6562.308131
91.766659,1000,6566.981665
85.880883,1000,6570.968538
86.065644,1000,6575.792511
85.57402,1000,6579.846704
88.956132,1000,6584.481441
90.146251,1000,6588.394033
89.884448,1000,6592.990036
86.874591,1000,6596.882506
86.247556,1000,6601.493474
82.173015,1000,6605.400787
90.515591,1000,6610.128848
86.553141,1000,6614.144557
87.102566,1000,6618.885856
84.940956,1000,6622.906132
88.607275,1000,6627.677289
86.798173,1000,6631.681572
85.256058,1000,6635.623261
88.31196,1000,6640.367845
93.132841,1000,6644.378182
93.351655,1000,6649.206572
87.597292,1000,6653.133757
87.921691,1000,6657.772246
88.085613,1000,6661.653411
88.246829,1000,6666.25843
90.994413,1000,6670.135789
86.439089,1000,6674.795631
91.326864,1000,6678.701144
90.970339,1000,6683.472212
87.612643,1000,6687.474928
87.654681,1000,6692.246328
90.706249,1000,6696.247068
89.427228,1000,6701.025596
84.944775,1000,6704.989989
85.267118,1000,6709.686605
89.013557,1000,6713.706829
86.50108,1000,6718.510692
87.796478,1000,6722.489394
86.140241,1000,6727.14396
86.901852,1000,6731.05085
88.182451,1000,6735.650816
87.134072,1000,6739.534983
88.038422,1000,6744.150573
88.037795,1000,6748.076711
88.337307,1000,6752.717043
88.412487,1000,6756.728041
90.54879,1000,6761.471199
86.800445,1000,6765.480137
90.535291,1000,6770.220657
89.409338,1000,6774.23791
85.689092,1000,6778.940598
89.323092,1000,6782.89418
86.989522,1000,6787.727964
87.113028,1000,6791.771578
89.189061,1000,6796.453491
87.276491,1000,6800.370382
85.217531,1000,6804.979186
86.516577,1000,6808.861374
91.550157,1000,6813.462784
88.444502,1000,6817.395089
89.559173,1000,6821.286796
89.621634,1000,6825.980815
89.39251,1000,6829.982299
88.22298,1000,6834.728267
90.375933,1000,6838.72351
90.687497,1000,6843.477249
86.310037,1000,6847.502096
90.467498,1000,6852.163185
87.340802,1000,6856.18925
89.100567,1000,6860.973053
88.28299,1000,6864.991786
87.931164,1000,6869.739638
90.3337,1000,6873.648417
89.33561,1000,6878.270657
89.888503,1000,6882.142848
87.79385,1000,6886.755444
90.005252,1000,6890.649554
87.919151,1000,6895.298644
85.41318,1000,6899.251173
87.463718,1000,6904.029761
91.841599,1000,6908.039792
86.909182,1000,6912.812204
87.344435,1000,6916.824937
86.666488,1000,6921.609005
87.936079,1000,6925.532769
84.749517,1000,6930.30949
88.223096,1000,6934.325821
88.356259,1000,6939.137105
85.480035,1000,6943.110141
84.988003,1000,6947.760295
86.986885,1000,6951.648295
85.318306,1000,6956.234405
83.506059,1000,6960.12455
87.507237,1000,6964.758064
89.975978,1000,6968.647571
89.248974,1000,6973.363748
84.554667,1000,6977.368836
86.77175,1000,6982.137159
92.684487,1000,6986.137559
88.538778,1000,6990.892755
86.36158,1000,6994.904807
85.944555,1000,6999.555097
83.055856,1000,7003.56805
87.01479,1000,7007.605777
89.757662,1000,7012.433954
84.927886,1000,7016.395764
84.96359,1000,7021.027769
87.958904,1000,7024.912505
84.486915,1000,7029.514664
84.882671,1000,7033.401576
86.512205,1000,7038.044545
86.703767,1000,7041.945633
85.773955,1000,7046.668498
84.186571,1000,7050.660436
84.23595,1000,7055.418334
87.601546,1000,7059.407496
86.136857,1000,7064.177786
85.101185,1000,7068.176094
86.434349,1000,7072.818128
84.417437,1000,7076.833436
87.253167,1000,7081.639549
84.74456,1000,7085.633972
88.35138,1000,7090.385242
86.988016,1000,7094.279031
88.456277,1000,7098.891664
85.8197,1000,7102.795575
86.36432,1000,7107.39482
84.973443,1000,7111.279025
87.431417,1000,7115.928419
85.018821,1000,7119.852448
85.371479,1000,7124.607957
86.645271,1000,7128.612425
86.23393,1000,7133.357812
86.398253,1000,7137.363706
83.237594,1000,7142.130309
88.058585,1000,7146.091703
88.063841,1000,7150.813919
87.649529,1000,7154.89553
87.980953,1000,7159.682183
89.005949,1000,7163.621832
84.648707,1000,7168.243684
84.900773,1000,7172.123836
83.594996,1000,7176.728512
86.754563,1000,7180.608626
82.721019,1000,7185.305156
85.514945,1000,7189.187759
85.368449,1000,7193.168319
82.121043,1000,7197.899442
84.660743,1000,7201.912327
86.728438,1000,7206.658533
83.354355,1000,7210.667751
85.43151,1000,7215.441237
85.852938,1000,7219.33746
83.550929,1000,7224.119998
87.936697,1000,7228.129119
87.27059,1000,7232.933452
81.665388,1000,7236.854944
86.190247,1000,7241.468907
84.695303,1000,7245.351967
86.657857,1000,7249.946407
86.288746,1000,7253.831862
85.49092,1000,7258.488375
86.623509,1000,7262.419933
86.895752,1000,7267.200529
84.999176,1000,7271.197852
84.671494,1000,7275.962391
88.299983,1000,7279.961906
87.804966,1000,7284.741664
85.012778,1000,7288.665443
84.485516,1000,7293.435907
86.867574,1000,7297.447645
87.03254,1000,7302.199471
85.764265,1000,7306.200625
89.832677,1000,7310.83609
89.560166,1000,7314.741365
84.845675,1000,7319.333477
89.23617,1000,7323.224296
85.31652,1000,7327.817484
85.087788,1000,7331.741894
81.273832,1000,7336.395041
83.235499,1000,7340.389096
84.986964,1000,7345.12507
85.108826,1000,7349.124424
85.009465,1000,7353.840788
86.902829,1000,7357.840849
85.478678,1000,7362.544884
85.755681,1000,7366.473634
79.223099,1000,7371.323061
85.715771,1000,7375.366166
85.538015,1000,7379.295763
85.733641,1000,7383.918165
84.41458,1000,7387.796914
89.229543,1000,7392.399327
84.574683,1000,7396.282686
86.349977,1000,7400.917426
82.426959,1000,7404.820471
86.812234,1000,7409.602363
83.718902,1000,7413.582251
87.4903,1000,7418.357339
87.694328,1000,7422.340264
81.928135,1000,7427.12144
86.364395,1000,7431.082682
83.865795,1000,7435.765834
88.299392,1000,7439.75906
85.780441,1000,7444.575406
85.09248,1000,7448.564008
85.694755,1000,7453.275681
88.167251,1000,7457.176374
86.218378,1000,7461.783957
86.042725,1000,7465.67035
85.56796,1000,7470.267122
85.319386,1000,7474.189717
84.639925,1000,7478.793364
82.528804,1000,7482.78504
85.407569,1000,7487.5301
86.773619,1000,7491.529232
87.024089,1000,7496.26414
86.146553,1000,7500.260055
86.584387,1000,7505.010048
84.036443,1000,7508.927422
80.956167,1000,7513.716441
86.413226,1000,7517.784366
88.615643,1000,7522.560347
84.118949,1000,7526.479442
84.764758,1000,7531.109833
86.894136,1000,7534.982714
84.71552,1000,7539.58048
85.282022,1000,7543.466319
85.816692,1000,7548.133375
84.508257,1000,7552.020521
84.981006,1000,7556.762857
85.003139,1000,7560.747063
83.747598,1000,7564.748127
83.448021,1000,7569.501785
84.340189,1000,7573.494384
82.762307,1000,7578.263151
83.12934,1000,7582.169034
88.298759,1000,7586.971654
88.590678,1000,7590.997546
87.86069,1000,7595.80673
86.743388,1000,7599.700094
83.323348,1000,7604.309164
85.205546,1000,7608.184669
84.993645,1000,7612.780628
87.599399,1000,7616.671624
87.176973,1000,7621.293761
85.010577,1000,7625.251315
81.504054,1000,7630.003342
84.96759,1000,7634.007593
85.506496,1000,7638.738392
86.520681,1000,7642.751437
85.563015,1000,7647.514701
85.41846,1000,7651.415642
85.028352,1000,7656.215609
82.35743,1000,7660.246519
87.711128,1000,7665.013807
86.696028,1000,7668.971326
85.604935,1000,7673.591849
83.04251,1000,7677.475656
84.856171,1000,7682.069061
88.039529,1000,7685.952073
85.127124,1000,7690.618824
88.371808,1000,7694.500906
87.505408,1000,7699.250173
87.568577,1000,7703.261127
86.68318,1000,7708.005786
84.438925,1000,7711.988838
86.22669,1000,7716.759931
87.056037,1000,7720.740964
85.741913,1000,7725.411794
83.591424,1000,7729.424641
85.038701,1000,7734.251683
87.033499,1000,7738.259969
80.007743,1000,7742.164125
83.127905,1000,7746.781005
88.263111,1000,7750.649485
86.563088,1000,7755.257019
87.072279,1000,7759.127787
87.731725,1000,7763.774103
83.810385,1000,7767.663515
86.004919,1000,7772.406938
86.985736,1000,7776.395027
85.882134,1000,7781.154298
89.21122,1000,7785.136346
90.042026,1000,7789.932877
87.71909,1000,7793.916478
86.35497,1000,7798.557184
87.469079,1000,7802.56073
89.057687,1000,7807.394481
85.42083,1000,7811.382657
84.869917,1000,7816.106959
84.603723,1000,7820.007607
86.410443,1000,7824.610004
84.531512,1000,7828.488945
87.410137,1000,7833.080193
84.526301,1000,7837.000009
86.785558,1000,7841.617919
89.010796,1000,7845.584812
89.413749,1000,7850.315829
89.934229,1000,7854.340979
88.490714,1000,7859.075083
89.591141,1000,7863.096428
89.508063,1000,7867.854092
90.507368,1000,7871.750517
86.242981,1000,7876.586724
90.096246,1000,7880.60738
80.745165,1000,7885.383258
90.25087,1000,7889.286836
91.156338,1000,7893.912644
87.503034,1000,7897.79862
90.680634,1000,7902.388915
87.513086,1000,7906.277587
84.194284,1000,7910.917676
87.831101,1000,7914.785764
87.674719,1000,7919.566304
89.13055,1000,7923.563669
88.826107,1000,7927.540502
88.626472,1000,7932.308095
83.224461,1000,7936.305563
88.992127,1000,7941.055691
88.629411,1000,7944.980204
84.423653,1000,7949.808199
88.822482,1000,7953.789325
89.521054,1000,7958.591244
88.92595,1000,7962.489443
89.372071,1000,7967.135752
88.823378,1000,7971.014661
87.955921,1000,7975.619215
88.7737,1000,7979.49413
89.428953,1000,7984.161133
87.502997,1000,7988.062109
87.177004,1000,7992.821501
90.667309,1000,7996.83214
86.989311,1000,8001.579949
91.701357,1000,8005.580587
89.616836,1000,8010.349498
87.985238,1000,8014.307831
87.984559,1000,8019.009606
85.32378,1000,8023.0506
87.20644,1000,8027.83079
87.880406,1000,8031.844615
87.370417,1000,8036.462955
90.506475,1000,8040.358985
90.060661,1000,8044.959572
86.701086,1000,8048.850852
86.076411,1000,8053.439814
88.192137,1000,8057.365075
92.084257,1000,8062.028746
88.786736,1000,8066.028321
90.575861,1000,8070.781239
87.085705,1000,8074.76894
88.289667,1000,8079.511765
87.155801,1000,8083.5154
91.340839,1000,8088.196191
86.374599,1000,8092.187171
87.664944,1000,8096.988534
94.031104,1000,8100.983496
87.171644,1000,8105.710022
89.079989,1000,8109.609709
89.782901,1000,8113.487253
91.659537,1000,8118.089239
89.214246,1000,8121.974426
91.464239,1000,8126.56678
87.534692,1000,8130.482347
92.998236,1000,8135.133717
91.534705,1000,8139.121453
87.124404,1000,8143.856307
89.741658,1000,8147.82699
90.20001,1000,8152.584571
92.276816,1000,8156.56467
88.113573,1000,8161.25945
88.700936,1000,8165.20851
86.727565,1000,8169.98317
93.450654,1000,8174.011828
90.123031,1000,8178.726185
88.744936,1000,8182.637282
84.196625,1000,8187.229729
90.428457,1000,8191.104385
89.927535,1000,8195.710516
88.416059,1000,8199.633281
88.908195,1000,8204.227763
86.527717,1000,8208.217297
89.65364,1000,8212.958158
91.774006,1000,8216.933917
89.707531,1000,8221.665894
86.206862,1000,8225.658545
88.273244,1000,8230.412554
85.69276,1000,8234.321007
90.525387,1000,8239.146346
87.157946,1000,8243.151216
90.095478,1000,8247.957192
87.738772,1000,8251.886266
89.912823,1000,8256.50235
89.734016,1000,8260.389768
87.68243,1000,8264.992564
88.655653,1000,8268.866015
88.229236,1000,8273.50642
90.696109,1000,8277.418641
87.802814,1000,8282.17937
89.399118,1000,8286.191363
89.946119,1000,8290.963276
88.721872,1000,8294.974748
86.605524,1000,8298.974176
89.695057,1000,8303.708929
90.469417,1000,8307.681167
87.699227,1000,8312.486213
87.782949,1000,8316.475985
87.088525,1000,8321.281291
88.94089,1000,8325.207505
86.89746,1000,8329.839384
89.260312,1000,8333.720085
88.301303,1000,8338.318605
90.937364,1000,8342.198962
90.114034,1000,8346.841632
88.358503,1000,8350.728669
87.767704,1000,8355.516732
89.369199,1000,8359.509118
91.019246,1000,8364.271713
87.186771,1000,8368.271238
93.226596,1000,8373.036263
92.3346,1000,8377.017494
89.350801,1000,8381.678275
93.729036,1000,8385.691065
89.549243,1000,8390.473888
91.952149,1000,8394.493963
91.16794,1000,8399.2123
88.04794,1000,8403.110211
89.670009,1000,8407.713126
85.06285,1000,8411.596385
90.714893,1000,8416.199419
88.158532,1000,8420.107764
87.935942,1000,8424.719484
91.062945,1000,8428.699256
91.945755,1000,8433.432113
87.713105,1000,8437.433221
87.333129,1000,8442.169861
90.962974,1000,8446.181689
88.550411,1000,8450.941535
92.749503,1000,8454.860389
89.581309,1000,8459.642673
92.076864,1000,8463.650234
88.072574,1000,8468.411704
84.991823,1000,8472.422451
89.966229,1000,8477.059629
88.028359,1000,8480.978375
89.660945,1000,8484.864061
90.381282,1000,8489.461663
88.786763,1000,8493.34346
89.625212,1000,8497.997537
89.146908,1000,8501.869036
88.160897,1000,8506.656816
89.073683,1000,8510.660125
88.078319,1000,8515.415298
93.096384,1000,8519.421159
90.482277,1000,8524.198926
86.935239,1000,8528.164792
90.460243,1000,8532.844289
87.961484,1000,8536.879274
90.421782,1000,8541.672038
89.658338,1000,8545.686271
88.138359,1000,8550.299455
85.785967,1000,8554.190498
89.299994,1000,8558.808306
88.371561,1000,8562.67998
88.86959,1000,8567.282299
87.762819,1000,8571.196318
89.088928,1000,8575.82016
88.81833,1000,8579.827834
89.162033,1000,8584.592623
84.761344,1000,8588.59223
90.133413,1000,8593.345325
90.196117,1000,8597.35725
90.633014,1000,8602.049009
93.37599,1000,8606.006157
87.938883,1000,8610.806818
89.017576,1000,8614.813575
88.418262,1000,8619.603699
92.555595,1000,8623.496058
89.692583,1000,8628.105084
89.762014,1000,8631.993576
88.739108,1000,8636.579957
89.015107,1000,8640.463897
87.173246,1000,8645.10526
88.531054,1000,8648.9908
90.200387,1000,8653.74001
87.302396,1000,8657.73395
89.956444,1000,8662.47965
87.978104,1000,8666.475915
92.424504,1000,8670.489401
89.119493,1000,8675.216167
91.830855,1000,8679.161827
91.339773,1000,8683.951922
86.872714,1000,8687.97577
88.559803,1000,8692.742303
87.704776,1000,8696.642434
91.215525,1000,8701.230832
87.367252,1000,8705.119211
87.525308,1000,8709.71609
87.09482,1000,8713.625335
90.221764,1000,8718.239631
89.581319,1000,8722.209963
87.310131,1000,8726.947048
86.991914,1000,8730.939534
87.388041,1000,8735.681987
91.697368,1000,8739.685283
87.534765,1000,8744.448718
88.207258,1000,8748.334924
87.666211,1000,8753.172494
89.016268,1000,8757.173986
91.768758,1000,8761.968596
90.419878,1000,8765.91945
87.80466,1000,8770.572315
86.272819,1000,8774.442963
87.604906,1000,8779.06445
89.614955,1000,8782.959714
90.714686,1000,8787.579827
90.073656,1000,8791.476325
89.861387,1000,8796.207433
86.371285,1000,8800.18717
88.94078,1000,8804.961962
88.146761,1000,8808.953948
87.750523,1000,8813.714131
87.692276,1000,8817.738343
87.011054,1000,8822.364877
87.110953,1000,8826.401835
90.084422,1000,8831.165244
86.850372,1000,8835.174304
87.009313,1000,8839.917544
86.519187,1000,8843.818646
84.683435,1000,8847.718189
89.230295,1000,8852.314324
86.250906,1000,8856.194434
83.92498,1000,8860.787464
87.190306,1000,8864.70464
86.529183,1000,8869.346949
87.90213,1000,8873.336872
88.216878,1000,8878.074656
86.873604,1000,8882.075988
87.835675,1000,8886.825919
87.752329,1000,8890.825664
87.632356,1000,8895.54296
86.907545,1000,8899.514325
87.832224,1000,8904.328928
88.781771,1000,8908.35078
86.032431,1000,8913.086367
88.340483,1000,8916.994042
88.128348,1000,8921.58364
88.760321,1000,8925.460075
85.861507,1000,8930.065893
92.64808,1000,8933.983336
85.807041,1000,8938.582476
89.768885,1000,8942.58009
85.895023,1000,8947.33299
89.118088,1000,8951.324421
89.040232,1000,8956.06866
88.895859,1000,8960.068991
91.058879,1000,8964.825605
87.610782,1000,8968.760529
88.479503,1000,8973.557985
91.343399,1000,8977.583121
86.810752,1000,8982.322249
90.32242,1000,8986.228379
88.89402,1000,8990.824188
89.093117,1000,8994.710958
85.721991,1000,8999.309731
88.794896,1000,9003.228013
88.337076,1000,9007.819803
90.953112,1000,9011.823551
82.754477,1000,9016.583698
87.687725,1000,9020.568655
89.865528,1000,9025.342215
89.598676,1000,9029.347312
86.651706,1000,9033.333497
88.557973,1000,9038.015059
86.750632,1000,9042.056394
88.146006,1000,9046.819218
86.791379,1000,9050.831097
87.935932,1000,9055.515928
86.839492,1000,9059.402446
87.507231,1000,9064.011196
85.995926,1000,9067.907118
89.871115,1000,9072.497357
89.873949,1000,9076.416062
90.593359,1000,9081.074186
88.500903,1000,9085.078495
89.49517,1000,9089.838767
91.85331,1000,9093.830374
89.537809,1000,9098.586431
88.334625,1000,9102.582015
89.196674,1000,9107.26419
91.258304,1000,9111.220433
89.393231,1000,9116.042693
91.521004,1000,9120.016317
92.906016,1000,9124.783754
89.608824,1000,9128.747091
92.064757,1000,9133.372382
92.358467,1000,9137.243841
93.552749,1000,9141.845245
87.991901,1000,9145.722823
90.456739,1000,9150.327653
87.856687,1000,9154.231399
89.013842,1000,9158.951484
88.334855,1000,9162.93839
89.503821,1000,9167.674563
89.309169,1000,9171.663236
88.987997,1000,9176.402411
88.347193,1000,9180.389553
86.856793,1000,9185.056822
88.376347,1000,9189.028585
88.233924,1000,9193.827581
89.80935,1000,9197.84497
91.206343,1000,9202.552729
88.874564,1000,9206.459542
88.84861,1000,9211.061968
88.492807,1000,9214.937845
85.766823,1000,9218.827617
88.315476,1000,9223.445745
90.383006,1000,9227.319206
91.127908,1000,9232.083052
91.216438,1000,9236.066655
90.828316,1000,9240.807682
88.497471,1000,9244.807171
91.12139,1000,9249.57617
86.071811,1000,9253.546767
88.999013,1000,9258.226548
88.733684,1000,9262.248911
88.756352,1000,9267.054179
86.237037,1000,9271.057578
88.330802,1000,9275.677558
86.784224,1000,9279.55448
89.892787,1000,9284.159674
90.246882,1000,9288.029315
90.00323,1000,9292.641812
88.213565,1000,9296.551357
88.553313,1000,9301.211104
83.947123,1000,9305.205745
86.927646,1000,9309.949687
90.417719,1000,9313.944794
88.230886,1000,9318.688233
86.488238,1000,9322.698859
90.170393,1000,9327.364276
89.947124,1000,9331.328413
85.700307,1000,9336.10594
88.414967,1000,9340.125662
89.294695,1000,9344.88866
87.167587,1000,9348.78571
84.48785,1000,9353.402458
90.073829,1000,9357.280809
90.183603,1000,9361.869217
87.355483,1000,9365.767469
88.824005,1000,9370.379925
91.057501,1000,9374.316771
85.235795,1000,9379.069231
86.20551,1000,9383.050166
89.599252,1000,9387.805448
89.116358,1000,9391.793729
88.315078,1000,9396.546697
85.849104,1000,9400.495305
86.398006,1000,9404.451762
89.412762,1000,9409.266099
90.581022,1000,9413.298111
83.845251,1000,9418.034634
86.236907,1000,9421.926876
86.427677,1000,9426.531583
90.514381,1000,9430.421927
85.649588,1000,9435.005465
87.038683,1000,9438.924044
88.847504,1000,9443.565122
86.840642,1000,9447.536397
87.49654,1000,9452.282608
87.417522,1000,9456.293847
89.247592,1000,9461.036534
88.323686,1000,9465.038074
85.15526,1000,9469.804364
87.352783,1000,9473.718667
88.969604,1000,9478.563195
91.215533,1000,9482.583456
88.260895,1000,9487.368429
88.137244,1000,9491.297052
88.162112,1000,9495.923483
88.113503,1000,9499.790841
87.535538,1000,9504.39501
87.953607,1000,9508.290965
87.004669,1000,9512.959426
84.415284,1000,9516.850462
84.528068,1000,9521.622722
84.918209,1000,9525.617266
87.118758,1000,9530.343247
83.750006,1000,9534.349221
88.425155,1000,9539.086819
84.545292,1000,9543.069055
85.581666,1000,9547.763996
86.018826,1000,9551.780507
92.038524,1000,9556.558846
87.642109,1000,9560.564673
87.147426,1000,9565.31734
87.250534,1000,9569.205991
89.633528,1000,9573.818171
82.808594,1000,9577.695281
89.184497,1000,9582.287918
87.328473,1000,9586.17601
88.967219,1000,9590.097213
84.115572,1000,9594.754654
88.522369,1000,9598.74434
87.558107,1000,9603.488399
89.093711,1000,9607.479332
87.876108,1000,9612.234932
90.176133,1000,9616.240707
88.637391,1000,9620.948827
88.188381,1000,9624.925753
87.239096,1000,9629.708337
86.775733,1000,9633.690845
89.533981,1000,9638.439384
88.37418,1000,9642.398757
88.493677,1000,9647.02066
86.1661,1000,9650.900331
91.385642,1000,9655.514741
90.230808,1000,9659.384126
88.547832,1000,9664.01038
83.481679,1000,9667.901084
87.195379,1000,9672.620729
90.606717,1000,9676.61317
87.170608,1000,9681.381309
86.252754,1000,9685.367901
89.368513,1000,9690.136463
89.868471,1000,9694.131072
88.735124,1000,9698.781411
89.47291,1000,9702.836952
91.642195,1000,9707.669201
88.759086,1000,9711.673787
88.873149,1000,9716.32159
92.280621,1000,9720.203023
86.992847,1000,9724.795601
88.01237,1000,9728.682473
86.767756,1000,9733.283782
89.669091,1000,9737.175116
92.905768,1000,9741.908294
89.326647,1000,9745.902162
92.592832,1000,9750.667398
88.144659,1000,9754.656082
93.618859,1000,9759.418072
92.982159,1000,9763.435389
90.459053,1000,9768.093067
91.543103,1000,9772.096372
85.806508,1000,9776.092393
89.51002,1000,9780.864683
92.381057,1000,9784.828372
90.443597,1000,9789.472771
87.411659,1000,9793.344231
92.345438,1000,9797.939929
85.56717,1000,9801.825004
88.572171,1000,9806.445715
89.76776,1000,9810.327252
92.137983,1000,9815.017461
89.101506,1000,9819.00789
91.535849,1000,9823.758
90.995459,1000,9827.741422
87.667295,1000,9832.494354
92.255149,1000,9836.485747
89.218628,1000,9841.125387
90.658552,1000,9845.099841
88.880243,1000,9849.874644
91.526766,1000,9853.848094
89.449007,1000,9858.62828
92.166795,1000,9862.579139
89.385429,1000,9867.197084
88.893214,1000,9871.06462
87.322305,1000,9875.662446
90.339989,1000,9879.547768
92.211097,1000,9884.16513
89.967473,1000,9888.051713
89.644766,1000,9892.790329
90.506255,1000,9896.786376
86.080296,1000,9901.533531
88.924771,1000,9905.535291
93.959555,1000,9910.28412
92.058548,1000,9914.294181
88.539174,1000,9918.924007
89.94643,1000,9922.940266
90.712928,1000,9927.714609
92.011823,1000,9931.721609
90.468016,1000,9936.471786
93.091531,1000,9940.360989
87.591784,1000,9944.963577
89.548423,1000,9948.845135
87.250393,1000,9952.730343
92.190658,1000,9957.320748
91.367203,1000,9961.231045
92.543034,1000,9965.852237
90.961098,1000,9969.843146
89.812926,1000,9974.568283
88.357932,1000,9978.555953
91.398119,1000,9983.315501
88.655628,1000,9987.321755
91.95694,1000,9992.044026
91.022103,1000,9995.984752
93.453574,1000,10000.814595
91.584564,1000,10004.816921
90.448327,1000,10009.548652
87.81098,1000,10013.46497
90.600135,1000,10018.061147
90.008471,1000,10021.938131
92.548161,1000,10026.537313
91.872958,1000,10030.44523
88.927009,1000,10035.04894
91.280064,1000,10039.025312
94.349029,1000,10043.800515
92.571698,1000,10047.780956
88.465014,1000,10052.534476
88.965305,1000,10056.535434
90.246343,1000,10061.310961
90.978969,1000,10065.201817
88.930472,1000,10070.002921
88.017554,1000,10074.027905
88.093571,1000,10078.813682
91.116878,1000,10082.721741
93.077105,1000,10087.339012
88.895693,1000,10091.204788
90.426261,1000,10095.798103
89.944889,1000,10099.682303
87.680948,1000,10104.316103
90.583649,1000,10108.238828
90.914117,1000,10112.992142
93.486447,1000,10116.987056
90.200337,1000,10121.742833
89.959558,1000,10125.738238
88.175998,1000,10130.489965
89.784851,1000,10134.463896
89.99376,1000,10138.402159
90.072751,1000,10143.199321
89.230741,1000,10147.210454
87.466108,1000,10151.991364
87.411251,1000,10155.888109
91.505733,1000,10160.517544
90.112181,1000,10164.403219
90.360394,1000,10169.026204
89.515566,1000,10172.901144
92.298772,1000,10177.545502
89.163832,1000,10181.416203
93.26622,1000,10186.197518
89.150377,1000,10190.207251
84.774119,1000,10194.957887
90.163729,1000,10198.940404
89.527538,1000,10203.733911
89.267938,1000,10207.707322
91.017632,1000,10212.37183
90.009732,1000,10216.378073
84.350013,1000,10221.1503
87.486013,1000,10225.127957
88.033956,1000,10229.890717
92.168283,1000,10233.77509
92.48844,1000,10238.389097
93.489811,1000,10242.265306
91.02317,1000,10246.847637
91.94733,1000,10250.731601
88.790584,1000,10255.360046
88.936097,1000,10259.291503
91.386292,1000,10264.054101
87.642046,1000,10268.0538
90.503488,1000,10272.790417
88.595322,1000,10276.800361
88.035749,1000,10281.574865
92.045475,1000,10285.486019
90.351164,1000,10290.275712
89.419523,1000,10294.273346
90.59896,1000,10299.041837
91.572731,1000,10303.036781
88.563622,1000,10307.649938
92.142898,1000,10311.552874
88.172118,1000,10316.14954
89.190669,1000,10320.02047
91.095569,1000,10323.892449
88.099575,1000,10328.55406
90.590918,1000,10332.42157
93.201031,1000,10337.190215
88.658815,1000,10341.187015
93.553614,1000,10345.932708
92.984816,1000,10349.924053
93.642476,1000,10354.70213
90.371273,1000,10358.697966
91.056585,1000,10363.340711
91.687681,1000,10367.338903
91.143392,1000,10372.133007
90.048247,1000,10376.114918
94.176627,1000,10380.869915
90.496507,1000,10384.758495
89.652418,1000,10389.358811
91.910811,1000,10393.232242
93.826984,1000,10397.824482
91.393098,1000,10401.74719
88.405174,1000,10406.349546
91.631553,1000,10410.326383
91.422696,1000,10415.084831
90.552763,1000,10419.076532
88.08095,1000,10423.815479
88.443916,1000,10427.808484
88.812774,1000,10432.575886
93.138072,1000,10436.487077
86.89606,1000,10441.295228
86.81677,1000,10445.306423
90.04828,1000,10450.060405
95.014224,1000,10454.000802
89.387975,1000,10458.613967
91.589477,1000,10462.502835
88.527993,1000,10467.092294
92.782405,1000,10470.966777
90.321643,1000,10475.634133
89.905949,1000,10479.511436
92.00367,1000,10484.25426
90.348795,1000,10488.250611
90.605301,1000,10492.981595
88.486915,1000,10496.977231
88.183363,1000,10501.744469
92.021903,1000,10505.735687
89.884893,1000,10509.642336
92.370749,1000,10514.42814
90.963391,1000,10518.436149
88.159509,1000,10523.270166
85.808946,1000,10527.153459
92.544001,1000,10531.786621
90.878513,1000,10535.66428
93.805108,1000,10540.266798
91.455322,1000,10544.133557
90.748985,1000,10548.800501
91.803985,1000,10552.729388
93.169385,1000,10557.493856
90.939976,1000,10561.462391
93.080203,1000,10566.213439
91.901635,1000,10570.199317
92.843377,1000,10574.967288
94.892805,1000,10578.908317
91.670279,1000,10583.661016
89.68225,1000,10587.669374
91.584299,1000,10592.463023
90.208569,1000,10596.450645
92.389452,1000,10601.069143
90.659092,1000,10604.954029
88.913501,1000,10609.547624
90.436196,1000,10613.422695
92.595425,1000,10618.02849
90.408385,1000,10621.921123
84.665897,1000,10626.6568
93.43655,1000,10630.656719
93.297521,1000,10635.420027
92.249794,1000,10639.399509
92.608711,1000,10644.176118
92.648688,1000,10648.17467
95.059773,1000,10652.805587
90.517491,1000,10656.845802
92.283148,1000,10661.631767
90.29282,1000,10665.624269
94.188201,1000,10670.314918
88.044953,1000,10674.208158
89.477202,1000,10678.800445
94.705181,1000,10682.689149
92.940859,1000,10687.286491
94.808535,1000,10691.203743
95.484885,1000,10695.083451
93.577458,1000,10699.783385
92.291974,1000,10703.776492
92.561856,1000,10708.53772
92.569598,1000,10712.51735
93.173824,1000,10717.28237
90.361144,1000,10721.277381
92.64088,1000,10725.934179
94.539836,1000,10729.931987
93.517614,1000,10734.704669
94.329999,1000,10738.701307
92.36124,1000,10743.41167
92.503012,1000,10747.324624
90.613981,1000,10751.917526
92.406924,1000,10755.79849
87.881511,1000,10760.39241
89.091747,1000,10764.290672
89.815505,1000,10768.911969
92.354537,1000,10772.865446
92.168728,1000,10777.593089
88.648382,1000,10781.587269
94.99888,1000,10786.314311
91.976189,1000,10790.12367
93.089214,1000,10794.65294
89.581778,1000,10798.401853
03508
143.495021,1000,10456.216092
144.306162,1000,10460.114731
148.584049,1000,10464.735403
144.328273,1000,10468.618223
146.577452,1000,10473.217037
144.332025,1000,10477.12988
145.482273,1000,10481.802688
146.582627,1000,10485.804143
146.727444,1000,10489.812969
146.217001,1000,10494.556196
145.351958,1000,10498.561692
148.310688,1000,10503.305574
144.349354,1000,10507.265939
144.714708,1000,10511.955922
144.539908,1000,10515.959938
144.752027,1000,10520.773952
144.447363,1000,10524.775934
147.166429,1000,10529.390638
146.416827,1000,10533.274497
1273.33197,1000,10778.574161
276.904189,1000,10783.312333
271.187749,1000,10787.446023
270.913974,1000,10792.284903
268.615826,1000,10796.372533
272.395847,1000,10801.186842
273.541298,1000,10805.274347
273.483425,1000,10810.082565
268.517753,1000,10814.13516
276.091065,1000,10818.994339
275.094858,1000,10823.09372
275.564498,1000,10827.921008
276.850763,1000,10831.924767
277.553287,1000,10836.650378
274.921971,1000,10840.649526
276.884778,1000,10845.372826
274.759498,1000,10849.397911
276.330263,1000,10854.124682
275.272143,1000,10858.244104
274.559986,1000,10863.098174
274.79756,1000,10867.185251
275.139386,1000,10872.02497
279.132179,1000,10876.09831
279.382203,1000,10880.896173
274.665611,1000,10884.981811
269.060992,1000,10889.814257
273.53055,1000,10893.934088
275.187657,1000,10898.710106
271.803399,1000,10902.70544
276.391189,1000,10907.433045
276.591619,1000,10911.432648
269.272252,1000,10916.159855
277.678845,1000,10920.170118
279.310762,1000,10924.955678
271.993601,1000,10929.065152
275.10735,1000,10933.888324
276.677966,1000,10937.99665
274.997927,1000,10942.086848
275.409765,1000,10946.934147
274.651864,1000,10950.959087
275.031738,1000,10955.787404
277.244778,1000,10959.895103
270.309288,1000,10964.74532
276.293657,1000,10968.7982
278.640847,1000,10973.535158
275.243865,1000,10977.528409
274.730929,1000,10982.269052
273.187266,1000,10986.260774
273.299862,1000,10991.022691
267.974468,1000,10995.060978
270.092073,1000,10999.925794
278.951525,1000,11004.009789
276.319557,1000,11008.859265
276.327671,1000,11012.951126
269.951766,1000,11017.765539
275.096298,1000,11021.790008
277.095058,1000,11026.619656
272.188395,1000,11030.680564
275.860332,1000,11035.57553
274.456216,1000,11039.59432
274.863763,1000,11044.347855
272.45587,1000,11048.348874
